1,Herramientas SA,C/ Industrias, 123, 28011 Madrid,912345678,contacto@herramientassa.es
2,Pinturas Martínez,Av. Colores, 45, 28009 Madrid,915678901,info@pinturasmartinez.com
3,Máquinas y Más,C/ Talleres, 67, 28020 Madrid,916789012,ventas@maquinasymas.com
4,LuzClara,C/ Luminarias, 2, 28022 Madrid,917890123,clientes@luzclara.es
5,Seguridad House,Av. Protegida, 101, 28015 Madrid,918901234,soporte@seguridadhouse.com
6,Distribuciones Eléctricas,C/ Electricidad, 34, 28018 Madrid,919012345,info@distribucioneselectricas.com
